{"cameraMode":{"drawMode":0,"name":"Shaded","section":"Shading Mode"},"sceneLighting":true,"audioPlay":false,"sceneViewState":{"showFog":true,"showMaterialUpdate":true,"showSkybox":true,"showFlares":true,"showImageEffects":true,"showParticleSystems":true},"in2DMode":false,"pivot":{"x":-11.683396339416504,"y":4.165768146514893,"z":-1.741316795349121},"rotation":{"x":0.007579977624118328,"y":0.07370849698781967,"z":-0.001243561040610075,"w":-0.9976788759231567},"size":8.46469783782959,"orthographic":false}